name;description
1fd3b304-cf66-4f24-be05-9626f4fc6182;complexity eyeballs back-end
55c4990d-858e-4aed-925e-7b8d00759b7b;Tajikistan initiatives
ad22fdf4-3333-4b1f-be7d-015375492730;Executive payment dot-com
0f40fe45-b1a3-4cad-b95f-08e325db405c;parse Shoes
1d106ca8-6e2b-470d-9762-1972072082a0;pixel monetize
89042579-5057-4f05-8bff-f93732e92990;Account RAM
842b5493-98d0-429f-821c-563beb721da3;human-resource
5c1227f0-62e0-4bbf-aba4-0fe7c5de1afe;Minnesota monitor withdrawal
86d8ab4c-8040-4725-8245-d2444d662e79;Buckinghamshire synthesize
f2b150a9-7e40-4480-8e60-cb8246db1374;backing application Enterprise-wide
