id;name;price;description;priority
1;withdrawal Avon rich;payment matrices payment;blockchains;63818
2;withdrawal;South;Frozen Central circuit;76635
3;Usability Quality proactive;Home Pizza synthesizing;optical Squares optical;46099
4;calculating Car Avon;Orchestrator integrate;Flats TCP ADP;98600
5;multi-tasking;input;Valley Chips methodical;75240
6;THX Rustic;Florida;mission-critical copying;25448
7;Rubber Infrastructure;deposit Consultant;Shirt purple Reduced;85725
8;24/7;Developer Paradigm Kroon;Facilitator definition;46449
9;services reintermediate Investor;Monaco;Congo fuchsia Cotton;56292
10;auxiliary attitude Costa;invoice real-time withdrawal;niches;1966
